model,label,Score,soru,cevap,raw_response_v3,prediction_v3,raw_response_short_prompt,prediction_short_prompt
TinyLlama-1.1B-Chat-v1.0,0,8,Dünya'nın günlük hareketi ile ilgili başka hangi sonuçlar vardır?,"Dünya'nın günlük hareketi, Dünya'nın manyetik alanının oluşumu, gelgitlerin oluşumu ve gökyüzündeki yıldızların hareketleri gibi birçok başka sonuca da neden olur.",The binary grading rule,,The Turkish student,
TinyLlama-1.1B-Chat-v1.0,1,10,"Yeni öğretim programlarında hangi konular için ayrı ayrı amaçlar, hedefler, öğretmen ve öğrenci etkinlikleri ve değerlendirme süreci belirlenmiştir?","Yeni öğretim programlarında her konu için ayrı ayrı amaçlar, hedefler, öğretmen ve öğrenci etkinlikleri ve değerlendirme süreci belirlenmiştir.",The binary grading rule,,The Turkish student,
TinyLlama-1.1B-Chat-v1.0,1,9,Atmosferdeki su buharı miktarındaki artışın Dünya üzerindeki olumsuz etkileri nelerdir?,"Atmosferdeki su buharı miktarındaki artış, küresel ısınmaya ve iklim değişikliğine katkıda bulunabilir. Su buharı, güçlü bir sera gazıdır ve atmosferdeki oranı arttıkça Dünya'nın sıcaklığı da artar. Bu da buzulların erimesine, deniz seviyelerinin yükselmesine, aşırı hava olaylarına ve diğer olumsuz sonuçlara neden olabilir.",The binary grading rule,,The Turkish student,
TinyLlama-1.1B-Chat-v1.0,0,8,"Yerleşmenin yükselti sınırı, hangi faktöre bağlı olarak değişir?","Yerleşmenin yükselti sınırı, ekvatordan kutuplara doğru gidildikçe deniz seviyesine doğru alçalır. Bu, ekvatordan kutuplara doğru gidildikçe sıcaklığın azalması ve iklim koşullarının daha sert olmasıyla ilgilidir. Yüksek rakımlarda sıcaklık düşer, bu da bitki örtüsünün azalması, tarımın zorlaşması ve ulaşımın imkansız hale gelmesi gibi sorunlara yol açar. Bu nedenle, yerleşmenin yükselti sınırı, coğrafi konum, iklim koşulları ve bölgeye özgü diğer faktörlere bağlı olarak değişebilir.",The binary grading rule,,The Turkish student,
TinyLlama-1.1B-Chat-v1.0,0,8,İnsan ihtiyaçlarını karşılamak için doğayı nasıl kullanıyor?,"İnsanlar beslenme, barınma, enerji ve hammadde gibi temel ihtiyaçlarını karşılamak için doğayı kullanır. Bununla birlikte, bu ihtiyaçların karşılanması sürecinde doğaya bilinçsizce müdahale edilmesi çevre sorunlarına yol açmaktadır.",The binary grading rule,,The Turkish student,
TinyLlama-1.1B-Chat-v1.0,0,8,Ekvator'dan kutuplara doğru gidildikçe paralel dairelerinin uzunluğu neden azalır?,"Ekvator'dan kutuplara doğru gidildikçe paralel dairelerinin uzunluğu azalır çünkü Dünya tam bir küre değil, kutuplardan basık, ekvatordan şişkin bir şekildedir. Bu nedenle, paralel dairelerin boyu, Ekvator'dan kutuplara doğru gidildikçe düzensiz olarak kısalır.",The binary grading rule,,The Turkish student,
TinyLlama-1.1B-Chat-v1.0,1,9,İletişim Becerisi neyi ifade eder?,"İletişim Becerisi, bireyin düşüncelerini, duygularını ve bilgilerini etkili bir şekilde başkalarına iletmesini ve başkalarının mesajlarını anlayabilmesini sağlayan bir yetenektir. Bu beceri, bireyin sözlü ve sözsüz iletişim becerilerini kullanmasını, aktif dinleme becerilerini geliştirmesini, empati yapmasını ve başkalarının bakış açılarını anlamasını sağlar. İyi iletişim becerilerine sahip bireyler, sağlıklı ilişkiler kurar, anlaşmazlıkları çözer, iş birliği yapar ve toplumsal hayata olumlu katkılar sağlar.",The binary grading rule,,"Yes, the",
TinyLlama-1.1B-Chat-v1.0,0,7,"AYT sınavında zaman yönetimi, öğrencilerin sınavda daha iyi performans göstermelerine nasıl yardımcı olur?","AYT sınavında zaman yönetimi, öğrencilerin sınavda daha iyi performans göstermelerine yardımcı olur. Zamanı etkili bir şekilde yönetmek, öğrencilerin her soruya yeterli zaman ayırmalarını, tüm soruları tamamlamalarını ve kendine güvenlerini artırmalarını sağlar. Bu da sınavda daha iyi performans göstermelerine yardımcı olur.",The binary grading rule,,The Turkish student,
TinyLlama-1.1B-Chat-v1.0,1,9,Anadolu'da kurulan ilk Türk beylikleri hangi alanlarda etkili olmuştur?,"Anadolu'da kurulan ilk Türk beylikleri, Anadolu'nun fethi ve İslamlaşmasında, İslam kültürünün yerleşmesinde ve mimari, sanat, bilim alanlarında gelişmelerin başlamasında etkili olmuştur.",The binary grading rule,,The Turkish student,
TinyLlama-1.1B-Chat-v1.0,1,9,"Öğretmenler, öğrencilerin öğrenmelerini nasıl değerlendirmede aktif olarak yer almalarını sağlayabilir?","Öğretmenler, öğrencilerin öğrenmelerini değerlendirmede aktif olarak yer almalarını sağlamak için çeşitli stratejiler kullanabilir. Öncelikle, öğrencilerin öğrenme çıktılarının amacını anlamalarına ve hedeflenen öğrenme çıktısına ulaşma ölçütlerini kavramalarına yardımcı olmalıdır. Daha sonra, öğrencilerin kendi öğrenme sürecini değerlendirme ölçütlerini öğretmen ile birlikte belirlemeleri ve düzenlemeleri için strateji geliştirmelerine yardımcı olabilirler. Ayrıca, öğrencilere öz değerlendirme, akran değerlendirme ve grup değerlendirme gibi etkinlikleri uygulayarak, kendi öğrenmelerini ve arkadaşlarının öğrenmelerini değerlendirme fırsatı tanıyabilirler. Bu sayede öğrenciler, kendi öğrenme sürecine daha aktif olarak katılır, öğrenmelerini daha iyi anlar ve daha etkili bir şekilde öğrenme hedeflerine ulaşır.","Yes, the binary grad",,"Yes, the",
TinyLlama-1.1B-Chat-v1.0,1,9,"Bu profil özellikleri, bir öğrencinin sadece okul hayatını mı etkiler, yoksa tüm yaşamında da rol oynar mı?","Bu profil özellikleri, sadece okul hayatını değil, aynı zamanda bir öğrencinin tüm yaşamında rol oynar. Etik değerlere sahip olmak, sorumluluk bilinciyle hareket etmek, bilgiye ulaşmak, iletişim kurmak, yaratıcı olmak ve sorunları çözmek gibi beceriler, bir bireyin toplumda başarılı olmasını, sağlıklı ilişkiler kurmasını ve mutlu bir yaşam sürmesini sağlar.",The binary grading rule,,The Turkish student,
TinyLlama-1.1B-Chat-v1.0,0,7,Frigler hangi alanda önemli bir yer edinmiştir?,"Frigler,  Anadolu'nun  zengin topraklarında tarım ve hayvancılıkla uğraşmışlar  ve  bu  faaliyetler  ekonomilerinin  temelini  oluşturmuştur.  Ayrıca,  demir işçiliğinde  de  ustalaşmışlar  ve  demir  araçlar  üretmişlerdir.",The binary grading rule,,The Turkish student,
TinyLlama-1.1B-Chat-v1.0,0,8,"Zaman yönetimi planı, öğrencilerin stresi azaltmasına nasıl yardımcı olur?","Zaman yönetimi planı, öğrencilerin görevleri için yeterli zaman ayırmalarını ve zamanlarını boşa harcamalarını önlemelerini sağlar. Bu sayede, öğrenciler görevlerini zamanında tamamlayabilir ve son dakikaya kalma stresi yaşamazlar. Ayrıca, planlar öğrencilerin hedeflerine odaklanmalarını, ilerlemelerini takip etmelerini ve motive kalmalarını sağlar, bu da stres seviyelerini düşürür.",The binary grading rule,,The Turkish student,
TinyLlama-1.1B-Chat-v1.0,1,9,Yerleşmeler hangi temel özellikler göz önünde bulundurularak sınıflandırılabilir?,"Yerleşmeler büyüklük, işlev, şekil, lokasyon, yaş, konutların yapı malzemeleri ve kültürel nitelikleri gibi özellikler göz önüne alınarak sınıflandırılabilir. Büyüklük, yerleşmenin nüfusu ve kapladığı alan ile ilgilidir. İşlev, yerleşmenin ekonomik faaliyetleri ve toplumsal rolleri ile ilgilidir. Şekil, yerleşmenin fiziksel görünümü ve düzenlemesi ile ilgilidir. Lokasyon, yerleşmenin coğrafi konumu ve çevresi ile ilgilidir. Yaş, yerleşmenin kuruluş tarihi ve zamanla geçirdiği değişimler ile ilgilidir. Konutların yapı malzemeleri, yerleşmenin mimari özelliklerini ve kullanılan inşaat malzemelerini yansıtır. Kültürel nitelikler, yerleşmenin gelenekleri, inançları, sanatı ve yaşam tarzını ifade eder. Bu özellikler birlikte ele alındığında yerleşmelerin çeşitliliğini ve karmaşıklığını daha iyi anlamamıza yardımcı olur.","Yes, you can use",,"Yes, the",
TinyLlama-1.1B-Chat-v1.0,0,8,"Bir ülke, bir ekonomik topluluğa katılmadan önce hangi aşamalardan geçebilir?","Bir ülkenin bir ekonomik topluluğa katılma süreci genellikle aşamalıdır ve farklı adımları içerir.  Bunlar:

* **Hazırlık Dönemi:**  Bu dönemde, ülke topluluğa katılım için gerekli reformları yapar, ekonomik ve siyasi yapılarını uyumlaştırır ve katılımın getirdiği zorlukları ele almaya hazırlanır.
* **Geçiş Dönemi:**  Bu dönemde, ülke topluluğa katılma için gerekli koşulları kademeli olarak yerine getirir.  Gümrük vergilerini düşürerek, ticaret engellerini kaldırarak ve topluluğun yasal düzenlemelerine uyum sağlayarak ilerler.
* **Müzakere Dönemi:**  Bu dönemde, ülke ile topluluk arasında katılım koşulları ve üyelik anlaşmasının ayrıntıları görüşülür.  Müzakereler kapsamlıdır ve ülkenin tüm alanlarında uyum sağlanması gereken konuları kapsar.","Yes, you are grad",,The Turkish student,
TinyLlama-1.1B-Chat-v1.0,1,9,Eğitim hakkı hangi yasal dokümanla güvence altına alınır?,"Eğitim hakkı, genellikle bir ülkenin Anayasası ile güvence altına alınır. Anayasa, eğitim hakkını temel hak ve özgürlükler arasında yer alarak, herkes için garanti eder. Bu, eğitim hakkının herkes için vazgeçilmez ve dokunulmaz bir hak olduğunu gösterir.","In the given text,",,The Turkish student,
TinyLlama-1.1B-Chat-v1.0,0,8,Program geliştirme çalışmaları hangi sorunlarla karşılaşıyor?,"Program geliştirme çalışmaları, her ülkede olduğu gibi Türkiye'de de bazı sorunlarla karşılaşmaktadır. Bunlar arasında, kaynak yetersizliği, uzman eksikliği, politik müdahaleler, toplumun direnci, eğitim felsefeleri ve yaklaşımları arasındaki çatışmalar yer alır. Bu sorunlar, program geliştirme çalışmalarının uygulanmasını zorlaştırır ve etkililiğini azaltabilir. Program geliştirme çalışmalarının bu sorunları aşması için, farklı paydaşlar arasındaki iş birliği, kaynakların etkin kullanımı ve bilimsel yöntemlere dayalı çalışmaların yürütülmesi önemlidir.",In the given binary grad,,The Turkish student,
TinyLlama-1.1B-Chat-v1.0,1,9,Açık öğretim lisesinde ders geçme sistemi nasıl çalışır?,"Açık öğretim lisesinde, ders geçme ve kredi sistemi uygulanır. Öğrenciler, kendi hızlarında ve istedikleri zaman dersleri takip edebilir, sınavlara girebilir ve dersleri geçerek krediler kazanabilirler. Belirli sayıda krediyi tamamlayan öğrenciler, lise diplomasını almaya hak kazanırlar.",The binary grading rule,,The Turkish student,
TinyLlama-1.1B-Chat-v1.0,1,9,Türkiye Yüzyılı Maarif Modeli'nin öğrencilerin sosyal-duygusal gelişimini desteklemek için hangi üç temel beceri bileşenini kullandığını açıklayın?,"Türkiye Yüzyılı Maarif Modeli, öğrencilerin sosyal-duygusal gelişimini desteklemek için üç temel bileşen kullanır: Benlik Becerileri, Sosyal Yaşam Becerileri ve Ortak/Birleşik Beceriler. 

**Benlik Becerileri**, bireyin kendisini tanıması, duygularını yönetmesi ve öz yansıtma yapması için gerekli becerileri kapsar. Bu beceriler, öğrencilerin kendi güçlü ve zayıf yönlerini fark etmelerini, duygusal dengeyi sağlamalarını ve olumsuz düşünceleri ve davranışları değiştirmelerini sağlar. 

**Sosyal Yaşam Becerileri**, öğrencilerin başkalarıyla etkili iletişim kurmalarını, iş birliği yapmalarını ve sosyal farkındalık geliştirmelerini destekler. Bu beceriler, öğrencilerin başkalarının duygularını anlamalarını, empati kurmalarını ve farklı kültürlere saygı göstermelerini sağlar. 

**Ortak/Birleşik Beceriler**, öğrencilerin uyum sağlamalarını, esneklik göstermelerini ve sorumlu kararlar vermelerini destekler. Bu beceriler, öğrencilerin yeni durumlara kolaylıkla uyum sağlamalarını, zorlukların üstesinden gelmelerini ve etik değerlere uygun davranışlar sergilemelerini sağlar. 

Bu üç bileşen, öğrencilerin sosyal-duygusal gelişimini destekleyerek onları daha başarılı, uyumlu ve aktif bireyler olarak yetiştirmeyi amaçlar.",To label 1 as,1.0,"Yes, the",
TinyLlama-1.1B-Chat-v1.0,0,8,Eğitim sisteminde değerleri nasıl etkili bir şekilde öğretmek ve içselleştirmek mümkündür?,"Eğitim sisteminde değerleri etkili bir şekilde öğretmek ve içselleştirmek için, değerler sadece teorik olarak öğretilmemeli, aksine öğretim programlarına entegre edilmelidir. Bu entegrasyon, değerleri diğer öğretim unsurları, beceriler ve alan içeriği ile birlikte ele alarak, bağlama uygun olarak desteklenmesini ve içselleştirilmesini kolaylaştırır. Türkiye Yüzyılı Maarif Modeli'nde olduğu gibi, değerler programın diğer ögelerinden, becerilerden ve alan içeriğinden ayrık bir şekilde değil programa kaynaşık olarak işlenerek, öğrencilerin bağlama uygun olarak değerleri desteklemesini ve içselleştirmesini kolaylaştırır. Örneğin, öğrenciler matematik problemleri çözerek sadece matematiksel becerilerini geliştirmekle kalmazlar, aynı zamanda problemlere karşı sorumluluk duygusu, çözüm odaklı bir yaklaşım ve adil bir bakış açısı geliştirerek bu değerleri de içselleştirebilirler. Bu şekilde değerler, teoriden pratiğe taşınarak somutlaşır ve öğrenciler tarafından daha kolay anlaşılıp benimsenir.","Yes, you can use",,"Yes, the",
